作者名,首页链接,关注人数,粉丝,文章,字数,收获喜欢
简书播客,http://www.jianshu.com/users/3aa040bf0610,15,71445,79,43202,4266
刘淼,http://www.jianshu.com/users/5SqsuF,927,109217,352,398655,18670
专三千,http://www.jianshu.com/users/d6370e15aaf9,22,8983,106,236843,8533
小彤花园,http://www.jianshu.com/users/4a4eb4feee62,109,4702,39,21742,2132
尹沽城,http://www.jianshu.com/users/f1b13122a132,276,25443,214,496701,51048
windy天意晚晴,http://www.jianshu.com/users/77e0a9d64199,69,26953,263,497437,20165
喵在野,http://www.jianshu.com/users/7870ff548687,95,2970,297,302967,7348
简书出版,http://www.jianshu.com/users/55b597320c4e,84,19134,134,221194,16283
江昭和,http://www.jianshu.com/users/595ca7c9cfee,40,71820,108,332735,11634
韩大爷的杂货铺,http://www.jianshu.com/users/3e2c151e2c9d,0,65687,205,557277,120334
焱公子,http://www.jianshu.com/users/eee6e7dea98c,79,11909,166,531503,14688
慕容随风,http://www.jianshu.com/users/a5733c5de6a3,75,47246,326,786273,14649
汉璟,http://www.jianshu.com/users/32ad548f736c,12,7837,89,133368,366
范凯,http://www.jianshu.com/users/7efe89f1c4e2,9,8547,28,52936,1361
傅踢踢,http://www.jianshu.com/users/5cfa376301c5,7,14265,266,512953,12342
杨喜爱,http://www.jianshu.com/users/b91e5b946e33,19,10832,49,141764,5744
陈缃眠,http://www.jianshu.com/users/9ee49ed512a5,14,22006,113,355046,9133
一元亦有用,http://www.jianshu.com/users/7debdf0bd537,617,38765,153,234637,12602
Sir电影,http://www.jianshu.com/users/4b9ff86a7af4,15,66127,1457,3599525,80713
曹门霞客行,http://www.jianshu.com/users/539a5435be10,248,37494,246,378052,4152
安梳颜,http://www.jianshu.com/users/d90828191ace,47,45185,109,223321,71237
无戒,http://www.jianshu.com/users/46abcf684093,386,40246,383,771881,33570
蔷薇下的阳光,http://www.jianshu.com/users/ec87139d5d92,129,20122,757,1511363,9681
张拉灯,http://www.jianshu.com/users/2e0554062730,96,21430,51,198987,9044
企鹅吃喝指南,http://www.jianshu.com/users/946c4ca55bb6,5,19240,334,923129,10683
iamsujie,http://www.jianshu.com/users/a1d1481cd946,50,5918,39,52348,1045
怀左同学,http://www.jianshu.com/users/62478ec15b74,17,55433,240,422943,67662
简黛玉,http://www.jianshu.com/users/d9edcb44e2f2,33,143154,946,1633492,121917
捕手志,http://www.jianshu.com/users/301be822c79b,11,37010,148,648773,6981
丧心病狂刘老湿,http://www.jianshu.com/users/05b879ea9235,54,10618,105,269829,12527
草蜢凡人,http://www.jianshu.com/users/f49a81c5ce2a,130,1776,61,91725,3915
简书牧心,http://www.jianshu.com/users/3ea062ce98d0,13,16118,120,175670,10636
黄轩励,http://www.jianshu.com/users/7d21e729672e,11,3614,74,108285,605
Nicole林小白,http://www.jianshu.com/users/45d073cf57ae,14,17121,157,328849,20388
冷眼观史,http://www.jianshu.com/users/8f798fa68365,11,47345,192,675828,5568
芊语芊寻,http://www.jianshu.com/users/802c88dbbc05,12,12784,117,280454,15938
一凡有话说,http://www.jianshu.com/users/034fbfcf5e9f,228,10909,192,85456,2471
紫健,http://www.jianshu.com/users/26871c7961d3,45,12558,135,304320,20553
茜喵,http://www.jianshu.com/users/f8eb74f62534,53,36458,246,416764,18856
沐丞,http://www.jianshu.com/users/73fd48dcb7ba,35,31649,442,875269,30827
华杉2009,http://www.jianshu.com/users/d04e5c849512,1,12241,727,1303916,2962
别山举水,http://www.jianshu.com/users/b375ea9dda78,162,23848,334,706747,27749
沐儿,http://www.jianshu.com/users/ab2e050ad67f,45,15423,149,348093,22849
剑圣喵大师,http://www.jianshu.com/users/77a2e0d51afc,35,23697,205,483693,41782
向右奔跑,http://www.jianshu.com/users/54b5900965ea,240,8428,197,199022,4499
饱醉豚,http://www.jianshu.com/users/rHypHw,317,54014,351,763053,47358
顾釉止,http://www.jianshu.com/users/822122b57f65,103,5369,85,155095,2531
万事屋,http://www.jianshu.com/users/c8667ccd8b03,12,16114,115,182701,393
金夕子,http://www.jianshu.com/users/633377a6d224,63,10141,43,94772,544
义琳,http://www.jianshu.com/users/0d59bca0b480,103,20721,104,228619,6566
朱子先生,http://www.jianshu.com/users/1d59a1dd4bd4,53,30989,334,322159,9672
林夏萨摩,http://www.jianshu.com/users/0419c254f1b6,101,22560,157,309440,31488
RainbowPeng,http://www.jianshu.com/users/65b9e2d90f5b,187,19252,240,276562,4172
赵晓璃,http://www.jianshu.com/users/8c97c482455f,13,24851,248,671930,28984
金亦冶,http://www.jianshu.com/users/3851e16ee0bb,10,3199,14,27375,751
philren,http://www.jianshu.com/users/0782ca5a0f41,32,30381,307,307375,5073
斯诺姑娘,http://www.jianshu.com/users/4ac4580426dc,30,6279,53,62265,6702
凉子菇娘,http://www.jianshu.com/users/af9d9c4db83d,89,22429,68,309660,14471
小k飞耳,http://www.jianshu.com/users/7fcaa35a3523,6,12077,54,99051,1383
弘丹,http://www.jianshu.com/users/b067d53d56b2,120,30695,364,689128,53764
简书茶馆叶老板,http://www.jianshu.com/users/2eb258d0009e,16,25046,315,859701,17642
卢璐说,http://www.jianshu.com/users/ef4f2422125f,9,10867,133,386030,16256
暖先森,http://www.jianshu.com/users/dd0b50d57f7b,58,17460,140,324286,19714
一酎蓝,http://www.jianshu.com/users/142e2fb13ad1,1,6083,14,31197,1766
星彻,http://www.jianshu.com/users/a1692f6cabe1,5,4584,28,66265,1108
简宝玉,http://www.jianshu.com/users/b52ff888fd17,16,34187,75,56697,5959
心蓝丫头,http://www.jianshu.com/users/6cc0ebf87956,48,34717,88,87312,11066
顾一宸,http://www.jianshu.com/users/c1fed915ed12,22,36712,258,667944,63960
马力_可能性与大设计,http://www.jianshu.com/users/93666dd4205b,7,14462,83,195256,8148
唐妈,http://www.jianshu.com/users/1a4a21cf4d10,151,24251,418,1308851,32916
李陌359,http://www.jianshu.com/users/21f7a43b95ce,97,3027,118,350964,1674
米格格,http://www.jianshu.com/users/6c7437065202,30,10289,82,162032,11532
亭主,http://www.jianshu.com/users/46230f78cc67,804,9378,173,289797,6257
水清心宁,http://www.jianshu.com/users/fcf80692cac7,185,5674,94,208047,7484
委婉的鱼,http://www.jianshu.com/users/74ceb83a0857,3,10000,59,74299,10196
一棵花白,http://www.jianshu.com/users/fd0599061897,76,24043,163,267974,14346
我是隐形的,http://www.jianshu.com/users/ade63afc903b,8,10425,70,136106,5698
Jingjingx,http://www.jianshu.com/users/ad1d83856bb2,195,4932,23,8626,654
白发老蘭,http://www.jianshu.com/users/652fbdd1e7b3,162,13872,174,46778,4699
Charles远仁,http://www.jianshu.com/users/04528e2b710c,1,11844,95,127853,11454
南柯斯摩,http://www.jianshu.com/users/0173498d00fc,253,4847,41,102405,1969
魔鬼的赞歌,http://www.jianshu.com/users/680ea2b754fc,92,19240,213,338207,4579
三尺晴,http://www.jianshu.com/users/b33b3e53243b,39,6868,130,322930,9722
简书人间故事馆馆长老袁,http://www.jianshu.com/users/fa22b452db82,21,8054,5,5137,645
水青衣,http://www.jianshu.com/users/203d799b2d7b,12,15719,31,92274,2897
henu王凯,http://www.jianshu.com/users/947271c16e6a,38,1351,49,65621,2265
卷毛维安,http://www.jianshu.com/users/be61ee50d630,9,24643,129,332287,39543
余老诗,http://www.jianshu.com/users/d203789d0e55,102,24481,166,286030,8588
爱瑋儿,http://www.jianshu.com/users/8d30caa7a118,58,39750,61,186679,4555
张铁钉,http://www.jianshu.com/users/3831847a8bc5,40,6427,108,268081,3901
枫小梦,http://www.jianshu.com/users/6aa245e48ccc,78,15073,157,315346,7844
东土大唐,http://www.jianshu.com/users/4dba23ca5d6b,10,1360,97,111307,959
洛洛莉ya,http://www.jianshu.com/users/71acc2828016,347,9129,171,376568,10563
彭小六,http://www.jianshu.com/users/1441f4ae075d,6,131472,388,609479,214366
林貞觀,http://www.jianshu.com/users/7830b1598b89,58,10382,111,20326,3557
共央君,http://www.jianshu.com/users/8c84a932666e,43,8509,57,176926,12584
人鱼线vs马甲线,http://www.jianshu.com/users/5f4bf29b18b5,2,5551,16,23022,580
傅瑞德_台北,http://www.jianshu.com/users/ZYswcE,13,2679,100,165005,992
文艺女青年专治各种不服,http://www.jianshu.com/users/s27zLn,0,11976,162,306388,16534
用时间酿酒,http://www.jianshu.com/users/0fe9f776f37a,205,22355,137,333301,38599
如鱼尸,http://www.jianshu.com/users/9e9a8cb76fd9,190,4976,49,133652,1368
lekli,http://www.jianshu.com/users/ccf98cffc7e2,267,23750,228,408645,15081
步绾,http://www.jianshu.com/users/fb6bb41a6c16,183,5598,148,290105,4910
甘球,http://www.jianshu.com/users/cc6fabc99099,8,6194,99,168849,9209
徐林Grace,http://www.jianshu.com/users/898bb4ca481d,5,6687,56,152969,2504
有备而来的路人甲,http://www.jianshu.com/users/21a7a893f4b7,785,30898,137,196209,37322
乐之读,http://www.jianshu.com/users/4f8710b383af,18,16764,100,326956,16826
羊美味老板,http://www.jianshu.com/users/c5614be73384,61,11610,145,606171,12250
seagull海鸥,http://www.jianshu.com/users/de3e13a93ee7,0,3695,5,5021,1095
梅珈瑞,http://www.jianshu.com/users/7ad490252f5a,76,8927,41,166576,5282
修行的猫,http://www.jianshu.com/users/6c5d182783c3,169,16122,90,281726,28241
书先生和路夫人,http://www.jianshu.com/users/da1b7969e27a,9,7935,86,223687,4649
沈万九,http://www.jianshu.com/users/4342a6a82743,9,18341,149,308806,26204
龙潇Shana,http://www.jianshu.com/users/e9ec4c127887,337,10057,49,75464,7888
夜烬阑珊,http://www.jianshu.com/users/b869432b1ab8,79,1124,11,26831,92
驿路奇奇,http://www.jianshu.com/users/34c44feceff0,99,5993,151,207126,4539
是是阿九,http://www.jianshu.com/users/79675eba4264,80,878,8,20049,166
陈大力,http://www.jianshu.com/users/0d8d8d779269,56,15881,88,161728,22497
众乐纪陈鸿宇,http://www.jianshu.com/users/de4b649dfb74,1,1374,4,63,351
萌萌有神,http://www.jianshu.com/users/d7f32bea1565,26,7022,103,276823,6947
灵夜狼,http://www.jianshu.com/users/eea405145fd4,65,5121,109,355151,909
一鸣,http://www.jianshu.com/users/dc22650a4033,421,29315,635,1450467,26455
mechiland,http://www.jianshu.com/users/QmdBsa,15,3894,44,68662,3051
霞子M,http://www.jianshu.com/users/8cbac88af807,69,5540,78,91724,1637
简书福利社社长简东西,http://www.jianshu.com/users/2e18e6a834e6,22,8693,8,10602,10293
去年的茶,http://www.jianshu.com/users/e3281b3e3a62,0,11513,18,90169,12845
f伐木累,http://www.jianshu.com/users/c340a91fea6f,1,3853,341,165836,148
Melonmelonmelon,http://www.jianshu.com/users/cefb44685547,30,5744,61,94793,11252
铃铛子,http://www.jianshu.com/users/1d467fec18db,56,33549,163,123304,24704
五月的二猫子,http://www.jianshu.com/users/8c5968bebb00,20,5052,46,144303,6274
楠天下的太阳花,http://www.jianshu.com/users/3e5958ebd5b0,121,10797,131,323413,6687
木禾的随笔,http://www.jianshu.com/users/3542b039fd5d,0,3069,6,11229,546
狸小猫,http://www.jianshu.com/users/45a15c9b5a22,80,12417,94,191939,15439
特立独行的猪先生,http://www.jianshu.com/users/5e75480000be,0,13668,101,349992,8790
陈允皓,http://www.jianshu.com/users/5f333a4269d9,97,11103,33,58043,12380
月的渔女,http://www.jianshu.com/users/3e2010d8313f,25,1477,43,107770,308
天花板,http://www.jianshu.com/users/9202155c8b4a,50,10335,109,138521,4809
Yibie,http://www.jianshu.com/users/dJ8cRC,85,782,21,32509,310
池塘之底,http://www.jianshu.com/users/07cfbee129fa,12,4381,91,226817,3122
不世虹霓,http://www.jianshu.com/users/70c7ef96b1b3,77,427,17,32751,624
周灿_,http://www.jianshu.com/users/e62e6a7af892,47,21504,128,245102,25059
joanren,http://www.jianshu.com/users/6c7d2baa5216,13,2192,13,47694,924
梁光宇,http://www.jianshu.com/users/0e6b849fbbda,41,6304,25,37043,1186
只有女神知道,http://www.jianshu.com/users/83982f8b90e7,129,16411,68,131539,23082
胡图图_w,http://www.jianshu.com/users/6969faea8e41,5,4563,49,135438,3767
文俊粥,http://www.jianshu.com/users/0df55b412537,474,2805,29,41404,264
ONES_Piece,http://www.jianshu.com/users/7e0d9fc3fcc0,17,5192,149,645499,1901
狮肩瘦,http://www.jianshu.com/users/1dcf1289a8ae,16,1383,26,78228,589
南下的夏天,http://www.jianshu.com/users/c8e648cfa354,252,15865,69,300397,22039
浮华小哥,http://www.jianshu.com/users/40047e3bc909,68,1525,34,48657,1070
老虎不吃饭饭,http://www.jianshu.com/users/f9987b938fa3,8,1470,28,84234,634
简叔,http://www.jianshu.com/users/y3Dbcz,2337,86285,122,65721,29930
挽梨,http://www.jianshu.com/users/49c73adacb4b,14,7642,242,275690,10351
王佩,http://www.jianshu.com/users/neLruC,95,14514,182,329184,12177
弗兰克,http://www.jianshu.com/users/EMqkpp,673,7282,29,53130,8598
叶猛犸,http://www.jianshu.com/users/jsB5Kx,17,2123,222,270350,2650
山西晚报郭斌,http://www.jianshu.com/users/87e7245b8de2,9,823,13,38471,524
丧心病狂的小坚果儿,http://www.jianshu.com/users/db6171d91553,85,23672,190,436929,28452
在下行之,http://www.jianshu.com/users/c51fadbfff00,16,24352,170,441194,39571
众乐纪,http://www.jianshu.com/users/11abf22b27b9,1,1054,3,3746,369
Ann苳杭杭,http://www.jianshu.com/users/13b33b6cf6fc,97,13262,161,73135,14571
梅晨斐,http://www.jianshu.com/users/TH8ePh,322,2248,399,349747,1544
一只长满黑斑的红锦鲤,http://www.jianshu.com/users/264ad91b9794,845,3962,68,87503,1329
简书活动精选,http://www.jianshu.com/users/cd73ae789321,26,24393,176,175033,20294
五虎谷的阿格,http://www.jianshu.com/users/e5e1bca85ee5,14,2142,43,61520,841
魏思年,http://www.jianshu.com/users/de237c95083a,140,1269,46,94064,391
纯银V,http://www.jianshu.com/users/c22ccc510fb9,1,24422,332,396574,25884
斯彥,http://www.jianshu.com/users/364afe1cca39,95,1116,34,44342,389
朝歌晚丽,http://www.jianshu.com/users/0a4cff63df55,14,9503,77,273490,14128
汪撕葱,http://www.jianshu.com/users/468267b373a4,17,1184,34,29924,433
xwgong,http://www.jianshu.com/users/14ef73b86f00,230,6726,69,181339,5943
LinkLin,http://www.jianshu.com/users/ff73b57b55f9,28,8084,73,156423,16742
月儿好看0304,http://www.jianshu.com/users/23cd24fd7160,27,11778,38,77704,12150
马督公,http://www.jianshu.com/users/d79c92c4d2fb,2,226,1,4254,28
Totozhao,http://www.jianshu.com/users/a1a8ce6cbe5b,20,525,6,3485,78
李斯特,http://www.jianshu.com/users/a228a6de8849,5,10467,478,1220504,31535
yan18911,http://www.jianshu.com/users/e34274913cff,50,1848,60,94622,508
w_jeff,http://www.jianshu.com/users/0ff281374164,13,1560,26,37291,863
熊路漫,http://www.jianshu.com/users/e8b2137ccd41,22,3938,66,216986,5742
刘秀玲,http://www.jianshu.com/users/470f33ea0c92,55,10034,98,112768,8974
野厨橙先生,http://www.jianshu.com/users/df301bb3b479,25,1457,73,84422,818
行者慎思,http://www.jianshu.com/users/7624e38a895a,23,1982,17,46259,964
生椒牛肉,http://www.jianshu.com/users/735ef8e7f459,35,2273,85,153776,8066
鹿人三千,http://www.jianshu.com/users/5fcacf98ea91,0,14573,84,300271,20683
东成西九,http://www.jianshu.com/users/c4fe8fa183da,37,10418,121,266731,11361
饭叔,http://www.jianshu.com/users/470bde72e563,6,510,9,28889,156
评论尸,http://www.jianshu.com/users/GVvUW1,4,2578,33,86711,2813
Will,http://www.jianshu.com/users/4iaaP6,22,2558,61,61992,3285
PandaQ,http://www.jianshu.com/users/3597f6753359,149,2260,13,11290,325
摇滚死兔子本不应该是一个顽主,http://www.jianshu.com/users/18xqSa,7,850,23,50160,166
金叶宸,http://www.jianshu.com/users/3dzrkJ,2,839,8,45997,598
法医秦明,http://www.jianshu.com/users/6c9580370539,1,3835,20,56740,1222
王诗文circle,http://www.jianshu.com/users/f4a514ec24b5,41,6312,86,195007,9010
巫其格,http://www.jianshu.com/users/9795f1b549ac,31,13572,87,221214,23573
流光涟影,http://www.jianshu.com/users/fbaa50f94389,45,1593,31,84985,2637
蒋胜男,http://www.jianshu.com/users/5555d0b36f75,1,604,8,17966,94
段皇爷,http://www.jianshu.com/users/e24d6ee733f1,130,9751,75,120296,17064
酷拉皮卡,http://www.jianshu.com/users/e092d5ac427c,12,1033,24,40121,544
蔡骏,http://www.jianshu.com/users/63ba0ffa73ed,0,8766,44,160968,3687
谁动了我的窝头,http://www.jianshu.com/users/dfd4fd5390c5,2,1283,73,200461,553
任宁,http://www.jianshu.com/users/6c63c9f570f8,4,527,156,268435,322
胖子陈越,http://www.jianshu.com/users/02148e036c1d,5,629,35,37838,832
尹惟楚,http://www.jianshu.com/users/81b7c8090217,0,12921,54,117852,30447
Judyelegant,http://www.jianshu.com/users/1beccd96c952,38,808,8,4788,133
钱奕,http://www.jianshu.com/users/015e05a98493,1,508,6,13400,712
Josie乔,http://www.jianshu.com/users/3fdcc04b7bd7,1,15479,38,93212,21032
剽悍一只猫,http://www.jianshu.com/users/8f03f4df0d30,281,55966,120,146790,79230
诺然yz,http://www.jianshu.com/users/1a23284edaae,15,7744,58,159662,15279
三顿ppt,http://www.jianshu.com/users/04106315c531,19,11917,50,86330,29056
一只土贼,http://www.jianshu.com/users/a04c747f25b6,0,358,3,7377,116
what羊小宝,http://www.jianshu.com/users/ddae1fe6d804,5,484,4,6497,22
verpon,http://www.jianshu.com/users/80cdb0014d53,4,314,1,1289,38
汪恭彬,http://www.jianshu.com/users/97c3ab2152c6,0,529,3,13216,182
卡西_,http://www.jianshu.com/users/97177be0ecb7,16,5804,53,124947,10055
名川资本,http://www.jianshu.com/users/477158945067,2,752,4,20074,122
叶上清之宿雨,http://www.jianshu.com/users/72f7e8a56495,28,19371,82,206309,43337
野狗杂记,http://www.jianshu.com/users/dd9bf1d3a620,16,398,13,20138,318
Slimane,http://www.jianshu.com/users/30c45efd51b8,0,444,1,1638,16
我叫王村村,http://www.jianshu.com/users/dc6acad058bc,0,6562,81,66087,10516
Muamu,http://www.jianshu.com/users/8b6a00ce9b1c,41,1653,4,5393,428
